Workbook

Sheet 生データ
A1: 実施月 | B1: 項目 | C1: ぽん通常LIN(人) | D1: ぽんイベントLIN(人) | E1: 面談予約数 | F1: 離脱数(人) | G1: LIN移行率(%) | H1: 面談移行率(%) | I1: ぽん通常LIN構成比(%) | J1: ぽんイベントLIN構成比(%)
A2: 1月 | B2: Instagram | C2: 16 | D2: 14 | E2: 1 | F2: =C2-D2 -> 2 | G2: =IF(C2>0,D2/C2,0) -> 0.875 | H2: =IF(D2>0,E2/D2,0) -> 0.071428571 | I2: =IF(C6>0,C2/C6,0) -> 0.84210526 | J2: =IF(D6>0,D2/D6,0) -> 0.82352941
A3: 1月 | B3: YouTube | C3: 3 | D3: 3 | E3: 0 | F3: =C3-D3 -> 0 | G3: =IF(C3>0,D3/C3,0) -> 1 | H3: =IF(D3>0,E3/D3,0) -> 0 | I3: =IF(C6>0,C3/C6,0) -> 0.15789474 | J3: =IF(D6>0,D3/D6,0) -> 0.17647059
A4: 1月 | B4: stand.fm | C4: 0 | D4: 0 | E4: 0 | F4: =C4-D4 -> 0 | G4: =IF(C4>0,D4/C4,0) -> 0 | H4: =IF(D4>0,E4/D4,0) -> 0 | I4: =IF(C6>0,C4/C6,0) -> 0 | J4: =IF(D6>0,D4/D6,0) -> 0
A5: 1月 | B5: note | C5: 0 | D5: 0 | E5: 0 | F5: =C5-D5 -> 0 | G5: =IF(C5>0,D5/C5,0) -> 0 | H5: =IF(D5>0,E5/D5,0) -> 0 | I5: =IF(C6>0,C5/C6,0) -> 0 | J5: =IF(D6>0,D5/D6,0) -> 0
A6: 1月 | B6: TOTAL | C6: =SUM(C2:C5) -> 19 | D6: =SUM(D2:D5) -> 17 | E6: =SUM(E2:E5) -> 1 | F6: =C6-D6 -> 2 | G6: =IF(C6>0,D6/C6,0) -> 0.89473684 | H6: =IF(D6>0,E6/D6,0) -> 0.058823529 | I6: =IF(C6>0,1,0) -> 1 | J6: =IF(D6>0,1,0) -> 1
A7: 2月 | B7: Instagram | C7: 11 | D7: 6 | E7: 0 | F7: =C7-D7 -> 5 | G7: =IF(C7>0,D7/C7,0) -> 0.54545455 | H7: =IF(D7>0,E7/D7,0) -> 0 | I7: =IF(C11>0,C7/C11,0) -> 0.73333333 | J7: =IF(D11>0,D7/D11,0) -> 0.75
A8: 2月 | B8: YouTube | C8: 1 | D8: 0 | E8: 0 | F8: =C8-D8 -> 1 | G8: =IF(C8>0,D8/C8,0) -> 0 | H8: =IF(D8>0,E8/D8,0) -> 0 | I8: =IF(C11>0,C8/C11,0) -> 0.066666667 | J8: =IF(D11>0,D8/D11,0) -> 0
A9: 2月 | B9: stand.fm | C9: 1 | D9: 1 | E9: 0 | F9: =C9-D9 -> 0 | G9: =IF(C9>0,D9/C9,0) -> 1 | H9: =IF(D9>0,E9/D9,0) -> 0 | I9: =IF(C11>0,C9/C11,0) -> 0.066666667 | J9: =IF(D11>0,D9/D11,0) -> 0.125
A10: 2月 | B10: note | C10: 2 | D10: 1 | E10: 0 | F10: =C10-D10 -> 1 | G10: =IF(C10>0,D10/C10,0) -> 0.5 | H10: =IF(D10>0,E10/D10,0) -> 0 | I10: =IF(C11>0,C10/C11,0) -> 0.13333333 | J10: =IF(D11>0,D10/D11,0) -> 0.125
A11: 2月 | B11: TOTAL | C11: =SUM(C7:C10) -> 15 | D11: =SUM(D7:D10) -> 8 | E11: =SUM(E7:E10) -> 0 | F11: =C11-D11 -> 7 | G11: =IF(C11>0,D11/C11,0) -> 0.53333333 | H11: =IF(D11>0,E11/D11,0) -> 0 | I11: =IF(C11>0,1,0) -> 1 | J11: =IF(D11>0,1,0) -> 1
A12: 3月 | B12: Instagram | C12: 7 | D12: 4 | E12: 0 | F12: =C12-D12 -> 3 | G12: =IF(C12>0,D12/C12,0) -> 0.57142857 | H12: =IF(D12>0,E12/D12,0) -> 0 | I12: =IF(C16>0,C12/C16,0) -> 0.38888889 | J12: =IF(D16>0,D12/D16,0) -> 0.33333333
A13: 3月 | B13: YouTube | C13: 8 | D13: 6 | E13: 1 | F13: =C13-D13 -> 2 | G13: =IF(C13>0,D13/C13,0) -> 0.75 | H13: =IF(D13>0,E13/D13,0) -> 0.16666667 | I13: =IF(C16>0,C13/C16,0) -> 0.44444444 | J13: =IF(D16>0,D13/D16,0) -> 0.5
A14: 3月 | B14: stand.fm | C14: 3 | D14: 2 | E14: 0 | F14: =C14-D14 -> 1 | G14: =IF(C14>0,D14/C14,0) -> 0.66666667 | H14: =IF(D14>0,E14/D14,0) -> 0 | I14: =IF(C16>0,C14/C16,0) -> 0.16666667 | J14: =IF(D16>0,D14/D16,0) -> 0.16666667
A15: 3月 | B15: note | C15: 0 | D15: 0 | E15: 0 | F15: =C15-D15 -> 0 | G15: =IF(C15>0,D15/C15,0) -> 0 | H15: =IF(D15>0,E15/D15,0) -> 0 | I15: =IF(C16>0,C15/C16,0) -> 0 | J15: =IF(D16>0,D15/D16,0) -> 0
A16: 3月 | B16: TOTAL | C16: =SUM(C12:C15) -> 18 | D16: =SUM(D12:D15) -> 12 | E16: =SUM(E12:E15) -> 1 | F16: =C16-D16 -> 6 | G16: =IF(C16>0,D16/C16,0) -> 0.66666667 | H16: =IF(D16>0,E16/D16,0) -> 0.083333333 | I16: =IF(C16>0,1,0) -> 1 | J16: =IF(D16>0,1,0) -> 1

Sheet ダッシュ
A1: 主軸KPI: 月次の段階別人数でボトルネック（通常LIN→イベントLIN→面談予約）を最優先で確認する
A3: 月 | B3: 通常LIN | C3: イベントLIN | D3: 面談予約 | E3: LIN移行率 | F3: 面談移行率 | G3: 面談CVR母数(イベントLIN人数)
A4: 1月 | B4: =生データ!C6 -> 19 | C4: =生データ!D6 -> 17 | D4: =生データ!E6 -> 1 | E4: =生データ!G6 -> 0.89473684 | F4: =生データ!H6 -> 0.058823529 | G4: =生データ!D6 -> 17
A5: 2月 | B5: =生データ!C11 -> 15 | C5: =生データ!D11 -> 8 | D5: =生データ!E11 -> 0 | E5: =生データ!G11 -> 0.53333333 | F5: =生データ!H11 -> 0 | G5: =生データ!D11 -> 8
A6: 3月 | B6: =生データ!C16 -> 18 | C6: =生データ!D16 -> 12 | D6: =生データ!E16 -> 1 | E6: =生データ!G16 -> 0.66666667 | F6: =生データ!H16 -> 0.083333333 | G6: =生データ!D16 -> 12
A10: 媒体別（合計行なし）— 通常LIN・イベントLINの内訳
A12: 月 | B12: Instagram | C12: YouTube | D12: stand.fm | E12: note
A13: 1月 | B13: =生データ!C2 -> 16 | C13: =生データ!C3 -> 3 | D13: =生データ!C4 -> 0 | E13: =生データ!C5 -> 0
A14: 2月 | B14: =生データ!C7 -> 11 | C14: =生データ!C8 -> 1 | D14: =生データ!C9 -> 1 | E14: =生データ!C10 -> 2
A15: 3月 | B15: =生データ!C12 -> 7 | C15: =生データ!C13 -> 8 | D15: =生データ!C14 -> 3 | E15: =生データ!C15 -> 0
A17: イベントLIN人数内訳
A18: 月 | B18: Instagram | C18: YouTube | D18: stand.fm | E18: note
A19: 1月 | B19: =生データ!D2 -> 14 | C19: =生データ!D3 -> 3 | D19: =生データ!D4 -> 0 | E19: =生データ!D5 -> 0
A20: 2月 | B20: =生データ!D7 -> 6 | C20: =生データ!D8 -> 0 | D20: =生データ!D9 -> 1 | E20: =生データ!D10 -> 1
A21: 3月 | B21: =生データ!D12 -> 4 | C21: =生データ!D13 -> 6 | D21: =生データ!D14 -> 2 | E21: =生データ!D15 -> 0
A23: 面談予約（個別）の媒体別 — イベントLIN経由の個別への流入
A24: 月 | B24: Instagram | C24: YouTube | D24: stand.fm | E24: note
A25: 1月 | B25: =生データ!E2 -> 1 | C25: =生データ!E3 -> 0 | D25: =生データ!E4 -> 0 | E25: =生データ!E5 -> 0
A26: 2月 | B26: =生データ!E7 -> 0 | C26: =生データ!E8 -> 0 | D26: =生データ!E9 -> 0 | E26: =生データ!E10 -> 0
A27: 3月 | B27: =生データ!E12 -> 0 | C27: =生データ!E13 -> 1 | D27: =生データ!E14 -> 0 | E27: =生データ!E15 -> 0
A30: 今後の拡張（運用が増えたら）: ピボットテーブル化、月次スパークライン、サンキー図（アドオン等）は第2フェーズで検討。率は常に人数（分子・分母）と併記。
